App Link	App Name	Episode	Arena	Arena Win	Category	SubCategory	
http://play.google.com/store/apps/details?id=com.flavionet.android.cinema.pro	Cinema FV-5	AAA 214	Arena		Photography		
http://play.google.com/store/apps/details?id=com.flynx	Flynx	AAA 214	Arena		Productivity		
http://play.google.com/store/apps/details?id=com.samruston.weather	Weather Timeline	AAA 214	Arena		Weather		
http://play.google.com/store/apps/details?id=com.coffeestainstudios.goatsimulator.goatz	Goat Simulator GoatZ	AAA 213	Action		Communication		
http://play.google.com/store/apps/details?id=com.mobilemotion.dubsmash	Dubsmash	AAA 213	Arena		Media &amp; Video		
http://play.google.com/store/apps/details?id=com.itemstudio.castro	Castro	AAA 213	Arena	Win	Tools		
http://play.google.com/store/apps/details?id=com.larvalabs.myapps	AppChat (Alpha)	AAA 212	Arena		Communication		
http://play.google.com/store/apps/details?id=gov.usda.fsis.foodkeeper	FoodKeeper	AAA 212	Arena		Health &amp; Fitness		
http://play.google.com/store/apps/details?id=com.h42.filechat	FileChat	AAA 212	Arena		Business		
http://play.google.com/store/apps/details?id=com.kabouzeid.gramophone	Phonograph Music Player	AAA 211	Arena		Music &amp; Audio		
http://play.google.com/store/apps/details?id=com.t2ksports.wwe2k15mobile	WWE 2K	AAA 211	Arena		Sports		
http://play.google.com/store/apps/details?id=pl.vipek.camera2	Manual Camera	AAA 211	Arena	Win	Photography		
http://play.google.com/store/apps/details?id=com.mediocre.commute	Does Not Commute	AAA 211	Arena		Racing		
http://play.google.com/store/apps/details?id=com.mixcloud.player	Mixcloud	AAA 210	Arena		Music &amp; Audio		
http://play.google.com/store/apps/details?id=com.ringly.ringly	Ringly	AAA 210	Arena		Lifestyle		
http://play.google.com/store/apps/details?id=app.slidepick	SlidePick	AAA 210	Arena	Win	Photography		
http://play.google.com/store/apps/details?id=com.ifttt.dobutton	Do Button by IFTTT	AAA 209	Arena		Productivity		
http://play.google.com/store/apps/details?id=me.wiman.androidApp	WiMAN Free Wifi	AAA 209	Arena		Tools		
http://play.google.com/store/apps/details?id=com.fyusion.fyuse	Fyuse	AAA 209	Arena		Photography		
http://plus.google.com/communities/102908788212710276577	AutoMate	AAA 208	Arena	Win	Travel		
http://play.google.com/store/apps/details?id=com.sparc.stream	Stre.am - Stream Live Video	AAA 208	Arena		Social		
http://play.google.com/store/apps/details?id=com.citc.wallet	Pocket (Tim Clark)	AAA 208	Arena		Tools		
http://play.google.com/store/apps/details?id=com.pinsy	Pinsy	AAA 207	Arena		Social		
http://play.google.com/store/apps/details?id=mobi.drupe.app	Drupe	AAA 207	Arena	Win	Productivity		
http://play.google.com/store/apps/details?id=com.nuzzel.android	Nuzzel	AAA 207	Arena		News &amp; Magazines		
http://play.google.com/store/apps/details?id=com.snaps.emojikeyboard	Broad City Keyboard	AAA 207	Arena		Entertainment		
http://play.google.com/store/apps/details?id=co.bravebunny.curvatron	Curvatron	AAA 206	Arena		Casual		
http://play.google.com/store/apps/details?id=com.klinker.android.source	Source (News Reader)	AAA 206	Arena	Win	News &amp; Magazines		
http://play.google.com/store/apps/details?id=com.dn.drivenow	DriveNow	AAA 206	Arena		Travel &amp; Local		
http://play.google.com/store/apps/details?id=com.sika524.android.quickshortcut	QuickShortcutMaker	AAA 205	Arena		Personalization		
http://play.google.com/store/apps/details?id=com.luddenmedia.fantasybubblequest	Fantasy Bubble Quest	AAA 205	Arena		Casual		
http://play.google.com/store/apps/details?id=com.gombosdev.ampere	Ampere	AAA 205	Arena	Win	Tools		
http://play.google.com/store/apps/details?id=com.eyesight.app.camera	Snapi	AAA 204	Arena	Win	Photography		
http://play.google.com/store/apps/details?id=com.swipe.android	Corgi for Feedly	AAA 204	Arena		News &amp; Magazines		
http://play.google.com/store/apps/details?id=com.paijwar.videolivewallpaper	Video Live Wallpaper	AAA 204	Arena		Personalization		
http://play.google.com/store/apps/details?id=com.ketchapp.bounce	Bounce	AAA 204	Arena		Arcade		
http://play.google.com/store/apps/details?id=com.skplanet.embark	WAYFARE	AAA 203	Arena		Travel &amp; Local		
http://play.google.com/store/apps/details?id=com.bring10.tab	Tab - The Simple Bill Splitter	AAA 203	Arena	Win	Lifestyle		
http://play.google.com/store/apps/details?id=com.swiftapps.catsimulator2015pro﻿	Cat Simulator	AAA 203	Arena		Action		
http://play.google.com/store/apps/details?id=com.urbanengines.transit	Urban Engines: Public Transit	AAA 202	Arena		Transportation		
http://play.google.com/store/apps/details?id=com.microsoft.next	Next Lock Screen	AAA 202	Arena		Productivity		
http://play.google.com/store/apps/details?id=com.ghvandoorn.Raindar	Raindar	AAA 202	Arena		Weather		
http://play.google.com/store/apps/details?id=com.greatbytes.soundhud	SoundHUD	AAA 202	Arena		Personalization		
http://play.google.com/store/apps/details?id=com.androidm8.speakerphoneex	SpeakerPhone Ex	AAA 201	Arena	Win	Tools		
http://play.google.com/store/apps/details?id=com.instagrab.android	Instagrab for Instagram SAVE	AAA 201	Arena		Social		
http://play.google.com/store/apps/details?id=com.neaststudios.procapture	ProCapture	AAA 201	Arena		Photography		
http://play.google.com/store/apps/details?id=com.nbcuni.syfy.syfyforandroidtablet﻿	SyFy Sync	AAA 201	Arena		Entertainment		
http://play.google.com/store/apps/details?id=com.SabriApps.SConverter	S Converter	AAA 200	Arena		Tools		
http://play.google.com/store/apps/details?id=toilet.samruston.com.toilet	Flush	AAA 200	Arena	Win	Travel &amp; Local		
http://play.google.com/store/apps/details?id=com.evac.tsu﻿	tsu - Social &amp; Payment Network	AAA 200	Arena		Social		
http://play.google.com/store/apps/details?id=se.acorntechnology.athandtuner	atHandTuner Wearable Tuner	AAA 199	Arena		Tools		
http://play.google.com/store/apps/details?id=com.czechgames.galaxytrucker	Galaxy Trucker	AAA 199	Arena	Win	Game	Board	
http://play.google.com/store/apps/details?id=com.htc.zero﻿	Zoe	AAA 199	Arena		Social		
http://play.google.com/store/apps/details?id=co.loklok	LokLok	AAA 198	Arena		Communication		
http://play.google.com/store/apps/details?id=mobi.pplconnect.hmp	Hotel My Phone	AAA 198	Arena		Social		
http://play.google.com/store/apps/details?id=com.flavionet.android.camera.pro	Camera FV-5	AAA 198	Arena		Photography		
http://play.google.com/store/apps/details?id=de.kroegerama.android4batpercent	Battery Percent Enabler	AAA 198	Arena	Win	Personalization		
http://play.google.com/store/apps/details?id=com.abhi.bluenote	Bluenote	AAA 197	Arena		Productivity		
http://play.google.com/store/apps/details?id=com.tranzmate	Subway, Bus Live Info: Moovit	AAA 197	Arena		Transportation		
http://play.google.com/store/apps/details?id=com.famousbluemedia.piano	Piano by Yookee	AAA 197	Arena	Win	Music &amp; Audio		
http://play.google.com/store/apps/details?id=com.vlambeer.RidiculousFishing	Ridiculous Fishing	AAA 196	Arena	Win	Game	Arcade	
http://play.google.com/store/apps/details?id=com.brink.powerbuttonflashlight	Power Button Flashlight/Torch	AAA 196	Arena		Tools		
http://play.google.com/store/apps/details?id=com.coinbase.android	Bitcoin Wallet	AAA 196	Arena		Finance		
http://play.google.com/store/apps/details?id=com.lightbot.lightbot	Lightbot - Programming Puzzles	AAA 195	Arena		Puzzle	
http://play.google.com/store/apps/details?id=com.haystack.android	Haystack TV News	AAA 195	Arena	Win	News &amp; Magazines	
http://play.google.com/store/apps/details?id=com.weplaydots.twodotsandroid	TwoDots	AAA 195	Arena		Puzzle	
http://play.google.com/store/apps/details?id=cz.kinst.jakub.asparagus	Asparagus	AAA 194	Arena		Health &amp; Fitness	
http://play.google.com/store/apps/details?id=com.yirga.shutapp	ShutApp	AAA 194	Arena	Win	Tools	
http://play.google.com/store/apps/details?id=com.battlelancer.seriesguide	SeriesGuide	AAA 194	Arena		Entertainment	
http://play.google.com/store/apps/details?id=com.smgstudio.onemoreline	One More Line	AAA 194	Arena		Casual	
http://www.amazon.com/Hipster-Whale-Crossy-Road/dp/B00QW8TYWO/ref=sr_1_1	Crossy Road	AAA 192	Arena		Game	
http://play.google.com/store/apps/details?id=com.deviantart.android.damobile	DeviantArt	AAA 192	Arena		Social	
http://play.google.com/store/apps/details?id=com.actionlauncher.playstore	Action Launcher 3	AAA 192	Arena	Win	Personalization	Launcher
http://play.google.com/store/apps/details?id=com.overllc.quick	Quick	AAA 192	Arena		Photography	
http://play.google.com/store/apps/details?id=com.google.android.tv	Live Channels for Android TV	AAA 192			Entertainment	
http://play.google.com/store/apps/details?id=com.alensw.PicFolder	QuickPic	AAA 191	Arena	Win	Photography	
http://play.google.com/store/apps/details?id=com.hecorat.screenrecorder.free&amp;hl=en	AZ Screen Recorder	AAA 191	Arena		Media &amp; Video	
http://play.google.com/store/apps/details?id=com.cgollner.systemmonitor	System Monitor	AAA 191	Arena		Tools	
http://play.google.com/store/apps/details?id=com.getsimplifit.app	SimpliFit	AAA 191	Arena		Health &amp; Fitness	
http://play.google.com/store/apps/details?id=tv.clippit.android	Clippit	AAA 190	Arena		Media &amp; Video	
http://play.google.com/store/apps/details?id=com.rovio.retry	RETRY	AAA 190	Arena		Game	Arcade
http://play.google.com/store/apps/details?id=com.lightricks.facetune	Facetune	AAA 190	Arena	Win	Photography	
http://play.google.com/store/apps/details?id=com.paranoidgems.potential	Potential Beta	AAA 189	Arena	Win	Productivity	
http://play.google.com/store/apps/details?id=com.videon.android.mediaplayer	Avia Media Player	AAA 189	Arena		Media &amp; Video	
http://play.google.com/store/apps/details?id=com.dotemu.ddtrilogy	Double Dragon Trilogy	AAA 189	Arena		Game	Arcade
http://play.google.com/store/apps/details?id=pl.idreams.skyforcehd	Sky Force 2014	AAA 188	Arena		Game	Arcade
http://play.google.com/store/apps/details?id=com.underwood.calendar_beta	Today Calendar	AAA 188	Arena	Win	Productivity	
http://play.google.com/store/apps/details?id=com.ketchapp.tower	The Tower	AAA 188	Arena		Game	Arcade
http://play.google.com/store/apps/details?id=com.wunderwalk.wunderapp	Wunderwalk	AAA 188	Arena		Travel &amp; Local	
http://play.google.com/store/apps/details?id=com.truecaller.phoneapp	Truedialer by Truecaller	AAA 187	Arena		Communication	
http://play.google.com/store/apps/details?id=com.coffeestainstudios.goatsimulator	Goat Simulator	AAA 187	Arena	Win	Simulation	
http://play.google.com/store/apps/details?id=com.Slack	Slack	AAA 187	Arena		Business	
http://play.google.com/store/apps/details?id=com.bitbotany.polygen	PolyGen: Wallpaper Generator	AAA 187	Arena		Personalization	
http://play.google.com/store/apps/details?id=com.sakal.contactnote	FloatNote	AAA 186	Arena	Win	Tools	
http://play.google.com/store/apps/details?id=com.aspiro.tidal	TIDAL	AAA 186	Arena		Music &amp; Audio	
http://play.google.com/store/apps/details?id=com.soundcloud.android	Soundcloud	AAA 186	Arena		Music &amp; Audio	
http://play.google.com/store/apps/details?id=air.com.amanitadesign.botanicula	Botanicula	AAA 186	Arena		Game	Adventure
http://play.google.com/store/apps/details?id=com.squanda.swoop.app	Snowball	AAA 185	Arena		Social	
http://play.google.com/store/apps/details?id=com.wakie.android	Wakie	AAA 185	Arena		Social	
http://play.google.com/store/apps/details?id=com.algoriddim.djay	djay 2	AAA 185	Arena		Music &amp; Audio	
http://play.google.com/store/apps/details?id=com.RSen.Commandr	Commandr for Google Now	AAA 185	Arena	Win	Tools	
http://play.google.com/store/apps/details?id=com.zenstudios.SPPinball	South Park: Pinball	AAA 184	Arena		Game	Arcade
http://play.google.com/store/apps/details?id=com.hvt.horizon	Horizon	AAA 184	Arena	Win	Photography	
http://play.google.com/store/apps/details?id=ly.secret.ping	Ping	AAA 184	Arena		Entertainment	
http://play.google.com/store/apps/details?id=tw.com.freedi.youtube.player	FREEdi YouTube Player	AAA 184	Arena		Music &amp; Audio	
http://play.google.com/store/apps/details?id=com.emmaguy.cleanstatusbar	Clean Status Bar	AAA 183	Arena		Tools	
http://play.google.com/store/apps/details?id=co.offtime.kit	Offtime	AAA 183	Arena		Productivity	
http://play.google.com/store/apps/details?id=net.skyscanner.hotels.main	Skyscanner Hotels	AAA 183	Arena		Travel &amp; Local	
http://play.google.com/store/apps/details?id=com.Nishant.Singh.DroidTimelapse&amp;hl=en	Framelapse	AAA 183	Arena	Win	Photography	
http://play.google.com/store/apps/details?id=com.setsnail.daddylonglegs	Daddy Long Legs	AAA 182	Arena		Game	Arcade
http://play.google.com/store/apps/details?id=com.npi.wearminilauncher	Wear Mini Launcher	AAA 182	Arena		Tools	
http://play.google.com/store/apps/details?id=com.mapquest.android.commute	Commute: Traffic Report	AAA 182	Arena		Travel &amp; Local	
http://play.google.com/store/apps/details?id=com.playstation.counterspy	CounterSpy	AAA 181	Arena		Game	Arcade
http://play.google.com/store/apps/details?id=tv.twitch.android.viewer	Twitch	AAA 181	Arena		Entertainment	
http://play.google.com/store/apps/details?id=com.authy.authy	Authy 2-Factor Authentication	AAA 181	Arena	Win	Tools	
http://play.google.com/store/apps/details?id=com.digify.android	Digify	AAA 181	Arena		Productivity	Share Files
http://play.google.com/store/apps/details?id=codes.simen.l50notifications	Heads-up notifications	AAA 180	Arena		Personalization	
http://play.google.com/store/apps/details?id=de.j4velin.delayedlock2.trial	Delayed Lock	AAA 180	Arena	Win	Tools	
http://play.google.com/store/apps/details?id=com.aeustech.weartipcalculator	Wear Tip Calculator	AAA 180	Arena		Finance	
http://play.google.com/store/apps/details?id=ie.appz.sharkshare	Shark Share	AAA 180			Music &amp; Audio	
http://play.google.com/store/apps/details?id=com.chromecordova.Topeka	Topeka	AAA 180			Trivia	
http://play.google.com/store/apps/details?id=com.autodesk.Catch	123D Catch	AAA 179	Arena		Photography	
http://play.google.com/store/apps/details?id=cm.confide.android	Confide	AAA 179	Arena		Communication	
http://play.google.com/store/apps/details?id=air.com.wonderpeople.thiefKitten&amp;hl=en	KittenTaxi	AAA 179	Arena	Win	Game	Action
http://play.google.com/store/apps/details?id=com.blinkslabs.blinkist.android&amp;hl=en	Blinkist	AAA 178	Arena		Education	
http://play.google.com/store/apps/details?id=com.reddit.iama	Ask Me Anything - reddit AMA	AAA 178	Arena	Win	News &amp; Magazines	
http://play.google.com/store/apps/details?id=com.candl.chronos	Month: The Calendar Widget	AAA 178	Arena		Personalization	
http://play.google.com/store/apps/details?id=com.recollect	Recollect	AAA 178	Arena		Productivity	
http://play.google.com/store/apps/details?id=ch.publisheria.bring	Bring! Shopping List	AAA 177	Arena	Win	Shopping	
http://play.google.com/store/apps/details?id=com.franco.kernel	Franco Kernel	AAA 177	Arena		Tools	
http://play.google.com/store/apps/details?id=com.maskyn.fileeditor	Turbo Editor	AAA 177	Arena		Productivity	
http://play.google.com/store/apps/details?id=com.jamworks.snapshot	Snapshot	AAA 177	Arena		Camera	Tools
http://play.google.com/store/apps/details?id=com.pixite.fragment	Fragment	AAA 176	Arena		Photography	
http://play.google.com/store/apps/details?id=com.fitnesskeeper.runkeeper.pro	Runkeeper	AAA 176	Arena		Health &amp; Fitness	
http://play.google.com/store/apps/details?id=com.cgollner.unclouded	Unclouded	AAA 176	Arena	Win	Productivity	
http://play.google.com/store/apps/details?id=com.bandainamcogames.pacfriends&amp;hl=en	PAC-MAN Friends	AAA 176	Arena		Game	Puzzle
http://play.google.com/store/apps/details?id=com.google.android.apps.genie.geniewidget	Google News &amp; Weather	AAA 176			News &amp; Magazines	
http://play.google.com/store/apps/details?id=com.google.android.apps.helpouts	Helpouts	AAA 176			Lifestyle	
http://play.google.com/store/apps/details?id=com.dotgears.swing	Swing Copters	AAA 176			Game	Arcade
http://play.google.com/store/apps/details?id=com.bossastudios.ss13touch	Surgeon Simulator	AAA 175	Arena	Win	Game	Simulation
http://play.google.com/store/apps/details?id=com.digitalashes.tappath.playstore	TapPath	AAA 175	Arena		Productivity	
http://play.google.com/store/apps/details?id=com.superbetter.free	SuperBetter	AAA 175	Arena		Health &amp; Fitness	
http://play.google.com/store/apps/details?id=com.linecorp.LGTMTMG&amp;hl=en	LINE: Disney Tsum Tsum	AAA 174	Arena		Game	Puzzle
http://play.google.com/store/apps/details?id=com.guardian	The Guardian	AAA 174	Arena		News &amp; Magazines	
http://play.google.com/store/apps/details?id=com.sketchbookexpress	SketchBook Mobile Express	AAA 174	Arena		Media &amp; Video	
http://play.google.com/store/apps/details?id=com.google.android.diskusage	DiskUsage	AAA 174	Arena	Win	Tools	
http://play.google.com/store/apps/details?id=com.farsight.AndroidPinball.javaProject	Pinball Arcade	AAA 174			Game	
http://play.google.com/store/apps/details?id=com.aboutmycode.betteropenwith	Better Open With	AAA 173	Arena	Win	Productivity	
http://play.google.com/store/apps/details?id=com.starrealms.starrealmsapp	Star Realms	AAA 173	Arena		Game	Card
http://play.google.com/store/apps/details?id=com.abhi.lastappswitcher	LAS: Last App Switcher	AAA 173	Arena		Productivity	
http://play.google.com/store/apps/details?id=com.tendaysoneapp.flib.converter	Flib	AAA 172	Arena		Tools	Conversions
http://play.google.com/store/apps/details?id=com.dashlabs.dash.android	Dash	AAA 172	Arena		Travel &amp; Local	
http://play.google.com/store/apps/details?id=com.jamworks.floatify	Floatify	AAA 172	Arena		Personalization	
http://play.google.com/store/apps/details?id=com.wacom.bamboopapertab	Bamboo Paper	AAA 172	Arena	Win	Productivity	
http://play.google.com/store/apps/details?id=com.lanyrd.lanyrd	Lanyrd	AAA 171	Arena		Social	
http://play.google.com/store/apps/details?id=org.codechimp.qrwear	QR Wear for Android Wear	AAA 171	Arena		Productivity	
http://play.google.com/store/apps/details?id=fm.player	Player FM	AAA 171	Arena	Win	News &amp; Magazines	
http://play.google.com/store/apps/details?id=com.sinsquid.dieformetalagain	Die For Metal Again	AAA 171	Arena		Game	Action
http://play.google.com/store/apps/details?id=com.qcastapp.android	QCast Music	AAA 170	Arena	Win	Music	Audio
http://play.google.com/store/apps/details?id=com.yplanapp	YPlan	AAA 170	Arena		Lifestyle	
http://play.google.com/store/apps/details?id=kb.Blek	Blek	AAA 170	Arena		Game	Puzzle
http://play.google.com/store/apps/details?id=com.sinsquid.dieformetalagain	Die For Metal Again	AAA 169	Arena	Win	Media &amp; Video	
http://play.google.com/store/apps/details?id=com.edjing.edjingdjturntable	edjing - DJ Music Mixer Studio	AAA 169	Arena		Music &amp; Audio	
http://play.google.com/store/apps/details?id=com.yonisamlan.wearbabytime	Baby Time: Android Wear Lock	AAA 169	Arena		Lifestyle	
http://play.google.com/store/apps/details?id=com.northcube.sleepcycle	Sleep Cycle alarm clock	AAA 168	Arena		Health &amp; Fitness	
http://play.google.com/store/apps/details?id=com.square_enix.android_googleplay.subarashikikonosekai_solo	The World Ends With You	AAA 168	Arena		Game	Arcade
http://play.google.com/store/apps/details?id=com.lastinitial.stitch	Stitch (Stay in touch)	AAA 168	Arena		Productivity	
http://play.google.com/store/apps/details?id=org.wikipedia&amp;hl=en	Wikipedia	AAA 168	Arena		Books &amp; Reference	
http://play.google.com/store/apps/details?id=mrigapps.andriod.breakfree.deux	BreakFree Cell Phone Addiction	AAA 167	Arena	Win	Productivity	
http://play.google.com/store/apps/details?id=com.chillingo.abyssattack.android.ajagplay	Abyss Attack	AAA 167	Arena		Game	Action
http://play.google.com/store/apps/details?id=com.mcc.alarmclocklifetime	Life Time Alarm Clock	AAA 167	Arena		Tools	
http://towelroot.com/	Towelroot	AAA 167	Arena			
http://play.google.com/store/apps/details?id=com.mypermissions.mypermissions	Online Privacy Shield	AAA 166	Arena		Tools		
http://grabready.com/beta.html	Ready Contact List	AAA 166	Arena	Win			
http://play.google.com/store/apps/details?id=com.jwsoft.nfcactionlauncher	Trigger	AAA 166	Arena		Tools		
http://play.google.com/store/apps/details?id=com.aghartastudio.googleplay.shufflepuck	Shufflepuck Cantina	AAA 165	Arena		Game	Arcade
http://play.google.com/store/apps/details?id=net.skyscanner.android.main	Skyscanner Flights	AAA 165	Arena		Travel	
http://play.google.com/store/apps/details?id=ca.mimic.apphangar	Hangar	AAA 165	Arena	Win	Tools	
http://play.google.com/store/apps/details?id=com.gogobot.gogodroid	Gogobot	AAA 165	Arena		Travel	Local
http://play.google.com/store/apps/details?id=com.freetoolsassociation.karateka	Karateka Classic	AAA 164	Arena		Game	Arcade
http://play.google.com/store/apps/details?id=com.instagram.android	Instagram	AAA 164	Arena		Social	
http://play.google.com/store/apps/details?id=com.achep.acdisplay	AcDisplay	AAA 164	Arena	Win	Personalization	
http://play.google.com/store/apps/details?id=at.samsung.powersleep	Samsung Power Sleep	AAA 163	Arena		Lifestyle	
http://groups.google.com/forum/#!forum/square-order-android-beta	Square Order (BETA)	AAA 163	Arena			
http://play.google.com/store/apps/details?id=com.upto.android	UpTo - Calendar/Widget	AAA 163	Arena	Win	Productivity	Calendar
http://play.google.com/store/apps/details?id=com.ninefolders.hd3	Nine - Exchange ActiveSync	AAA 163			Business	
http://play.google.com/store/apps/details?id=com.life360.android.safetymapd	Life360 - Family Locator	AAA 163			Lifestyle	
http://play.google.com/store/apps/details?id=com.calciumion.themepicker.app&amp;hl=en	Beautiful Icon Styler Trial	AAA 162	Arena		Personalization	
http://play.google.com/store/apps/details?id=com.cabooze.buzzoff	Do Not Disturb	AAA 162	Arena	Win	Productivity	
http://play.google.com/store/apps/details?id=com.foursquare.robin	Swarm	AAA 162	Arena		Social	
http://play.google.com/store/apps/details?id=de.onyxbits.listmyapps	List My Apps	AAA 162	Arena		Tools	
http://play.google.com/store/apps/details?id=com.oristats.habitbull	HabitBull	AAA 161	Arena		Lifestyle	
http://play.google.com/store/apps/details?id=com.ironhidegames.android.kingdomrush	Kingdom Rush	AAA 161	Arena		Game	Casual
http://play.google.com/store/apps/details?id=com.yahoo.mobile.client.android.atom	Yahoo News Digest	AAA 161	Arena	Win	News &amp; Magazines	
http://play.google.com/store/apps/details?id=com.nhancify.notify	Notify!	AAA 160	Arena		Personalization	
http://play.google.com/store/apps/details?id=com.endomondo.android	Endomondo Sports Tracker	AAA 160	Arena		Health &amp; Fitness	
http://play.google.com/store/apps/details?id=com.notegraphy	Notegraphy Notegraphy	AAA 160	Arena		Productivity	
http://play.google.com/store/apps/details?id=com.neurologic.thebox	VoxxBoxx	AAA 160	Arena	Win	Social	
http://play.google.com/store/apps/details?id=com.ifttt.ifttt	IFTTT	AAA 159	Arena	Win	Productivity	
http://play.google.com/store/apps/details?id=com.fitbit.FitbitMobile	Fitbit	AAA 159	Arena		Health &amp; Fitness	
http://play.google.com/store/apps/details?id=com.hellotext.hello	Hello SMS	AAA 159	Arena		Communication	SMS
http://play.google.com/store/apps/details?id=com.checkthis.frontback	Frontback	AAA 159	Arena		Social	
http://play.google.com/store/apps/details?id=com.mixvibes.crossdjfree	Cross DJ Free 	AAA 158	Arena	Win	Music &amp; Audio	
http://play.google.com/store/apps/details?id=com.nw.easybandpro	EasyBand Studio	AAA 158	Arena		Music &amp; Audio	
http://play.google.com/store/apps/details?id=com.google.android.GoogleCamera	Google Camera	AAA 158			Photography	
http://play.google.com/store/apps/details?id=com.sufficientlyadvancedapps.appeater	App Eater	AAA 157	Arena		Tools	
http://play.google.com/store/apps/details?id=com.rockawaylabs.huey	Huey - Camera for Philips Hue	AAA 157	Arena		Lifestyle	
http://play.google.com/store/apps/details?id=com.mailboxapp	Mailbox	AAA 157	Arena	Win	Productivity	Email
http://play.google.com/store/apps/details?id=air.au.com.minimega.bonza	Bonza Word Puzzle	AAA 157	Arena		Game	Word
http://play.google.com/store/apps/details?id=com.lucasarts.starwarsccg_goo	Star Wars Assault Team	AAA 156	Arena		Game	Strategy
http://play.google.com/store/apps/details?id=com.kullect.fixie	Fixie GIF Camera	AAA 156	Arena		Photography	
http://play.google.com/store/apps/details?id=jp.scn.android	Scene	AAA 156	Arena	Win	Photography	
http://play.google.com/store/apps/details?id=net.trippedout.android.facets	Facets	AAA 156	Arena		Personalization	
http://play.google.com/store/apps/details?id=com.timehop	Timehop	AAA 155	Arena		Social	
http://forum.xda-developers.com/showthread.php?t=2664207	Nokia MixRadio	AAA 155	Arena		Music	
http://play.google.com/store/apps/details?id=com.tribune.tdv.newsplay	Newsbeat	AAA 155	Arena	Win	News &amp; Magazines	
http://play.google.com/store/apps/details?id=com.xiam.snapdragon.app	Snapdragon BatteryGuru	AAA 154	Arena		Tools	
http://play.google.com/store/apps/details?id=com.overlook.android.fing	Fing - Network Tools	AAA 154	Arena		Tools	
http://play.google.com/store/apps/details?id=com.linkbubble.playstore	Link Bubble	AAA 154	Arena	Win	Personalization	
http://play.google.com/store/apps/details?id=com.dylanp.cast.castsagainstcivility.castsagainstcivility	Dehumanize Your Friends	AAA 153	Arena		Game	Card
http://play.google.com/store/apps/details?id=com.ea.games.r3_row	Real Racing 3	AAA 153	Arena		Game	Racing
http://play.google.com/store/apps/details?id=com.dylanp.cast.mycastscreen	MyCastScreen	AAA 153	Arena		Personalization	
http://play.google.com/store/apps/details?id=com.tryagent	Agent	AAA 153	Arena	Win	Tools	
http://play.google.com/store/apps/details?id=com.mediocre.smashhit	Smash Hit	AAA 152	Arena		Game	Arcade &amp; Action
http://play.google.com/store/apps/details?id=com.fiveby.jupiter	5by	AAA 152	Arena		Entertainment	
http://play.google.com/store/apps/details?id=com.om.apphabits	App Habits	AAA 152	Arena		Productivity	
http://play.google.com/store/apps/details?id=nl.ndsc.notifications	Notifications+	AAA 152	Arena	Win	Productivity	
http://play.google.com/store/apps/details?id=com.htc.ptg	HTC Power To Give	AAA 152			Education	
http://play.google.com/store/apps/details?id=air.com.projectconcord.player.android.HitBliss	HitBliss 	AAA 151	Arena	Tie	Entertainment	
http://play.google.com/store/apps/details?id=com.limbic.ac130	Zombie Gunship	AAA 151	Arena		Games	Arcade &amp; Action
http://play.google.com/store/apps/details?id=com.myfitnesspal.android&amp;rdid=com.myfitnesspal.android	Calorie Counter - MyFitnessPal	AAA 151	Arena	Tie	Health &amp; Fitness	
http://play.google.com/store/apps/details?id=me.disconnect.search	Disconnect Search	AAA 151	Arena		Tools	
http://play.google.com/store/apps/details?id=org.markhanson.twitcast	TWiT Cast for Chromecast	AAA 151			Media &amp; Video	
http://play.google.com/store/apps/details?id=com.sleekbit.dormi&amp;hl=en	Dormi - Baby Monitor	AAA 150	Arena		Tools	
http://plus.google.com/communities/112511020902076533465	Fenix for Twitter - Preview	AAA 150	Arena		Social	Twitter
http://play.google.com/store/apps/details?id=com.sygic.speedcamapp	Speedometer	AAA 150	Arena		Transportation	
http://play.google.com/store/apps/details?id=air.com.demute.TaoMix	TaoMix	AAA 150	Arena	Win	Health &amp; Fitness	
http://play.google.com/store/apps/details?id=net.nurik.roman.muzei	Muzei	AAA 149	Arena	Win	Personalization	Wallpaper
http://play.google.com/store/apps/details?id=com.radiohead.polyfauna	PolyFauna	AAA 149	Arena		Music &amp; Audio	
http://play.google.com/store/apps/details?id=com.eyedeuslabs.groopic	Groopic	AAA 149	Arena		Photography	
http://play.google.com/store/apps/details?id=pt.bbarao.nightmode	Night Mode	AAA 149	Arena		Tools	Display Control
http://play.google.com/store/apps/details?id=com.basecamp.app	Basecamp	AAA 148	Arena		Productivity	
http://play.google.com/store/apps/details?id=com.cogi.mobile	Cogi	AAA 148	Arena		Productivity	Note Taking
http://play.google.com/store/apps/details?id=com.square_enix.android_googleplay.FFVI&amp;hl=en	Final Fantasy VI 	AAA 148	Arena	Win	Game	Arcade &amp; Action
http://play.google.com/store/apps/details?id=com.appventive.ice	ICE: In Case of Emergency	AAA 147			Medical	
http://play.google.com/store/apps/details?id=com.jkg.mypaidapps	My Paid Apps	AAA 147	Arena		Tools	
http://play.google.com/store/apps/details?id=com.klinker.android.twitter	Talon Twitter app	AAA 147	Arena		Social	Twitter
http://play.google.com/store/apps/details?id=com.thomasbowker.lynerelease	Lyne	AAA 147	Arena		Game	Brain &amp; Puzzle
http://play.google.com/store/apps/details?id=nightradio.soundfields2	Sound Fields: Winter	AAA 146	Arena		Music &amp; Audio	
http://play.google.com/store/apps/details?id=com.thx.tuneup.free	THX tune-up Promo	AAA 146	Arena		Entertainment	
http://play.google.com/store/apps/details?id=com.stackexchange.marvin	Stack Exchange	AAA 146	Arena	Win	Social	
http://play.google.com/store/apps/details?id=com.beatsmusic.android.client	Beats Music	AAA 146	Arena		Music &amp; Audio	
http://play.google.com/store/apps/details?id=com.rootuninstaller.quickr	Quickr	AAA 145	Arena		Tools	Launcher
http://www.lynxfit.com/	LynxFit (Glass App)	AAA 145	Arena	Win	Health &amp; Fitness	
http://play.google.com/store/apps/details?id=de.j4velin.pedometer	Pedometer	AAA 145	Arena		Health &amp; Fitness	
http://play.google.com/store/apps/details?id=com.hyperbyte.smartvibe	Mumble!	AAA 145	Arena		Communication	SMS
http://play.google.com/store/apps/details?id=com.klinker.android.evolve_sms	EvolveSMS	AAA 144			Communication	SMS
http://play.google.com/store/apps/details?id=com.tajchert.hours	12Hours	AAA 144	Arena	Win	Personalization	Clock/Day planner
http://play.google.com/store/apps/details?id=com.jotterpad.x	JotterPad X: Writing	AAA 144	Arena		Productivity	Writing
http://play.google.com/store/apps/details?id=de.karroum.fotocalendar	Photo Calendar Widget	AAA 144	Arena		Photography	Calendar
http://play.google.com/store/apps/details?id=com.citymapper.app.release	Citymapper	AAA 143	Arena		Transportation	
http://play.google.com/store/apps/details?id=info.kfsoft.android.TrafficIndicator	Network Monitor Mini	AAA 143	Arena	Win	Tools	Network Monitor
http://play.google.com/store/apps/details?id=com.talkatone.android	Talkatone	AAA 143	Arena		Communication	VoIP
http://play.google.com/store/apps/details?id=com.jellyhq.starfish	Jelly	AAA 143			Social	
http://play.google.com/store/apps/details?id=com.hg.aotl	Aces of the Luftwaffe	AAA 142	Arena		Games	Arcade &amp; Action
http://play.google.com/store/apps/details?id=com.supercell.clashofclans&amp;hl=en	Clash of Clans	AAA 142	Arena		Games	Arcade &amp; Action
http://play.google.com/store/apps/details?id=com.concreterose.wordiest	Wordiest	AAA 142	Arena	Win	Games	Brain &amp; Puzzle
http://play.google.com/store/apps/details?id=com.noinnion.android.newsplus	News+	AAA 142	Arena		News &amp; Magazines	Reader
http://play.google.com/store/apps/details?id=com.paramount.anchorman2scotchyscotchtoss	Scotchy Scotch Toss	AAA 140	Arena	Win	Games	Casual
http://play.google.com/store/apps/details?id=com.juicybeast.knightmaretower	Knightmare Tower	AAA 140	Arena		Games	Arcade &amp; Action
http://play.google.com/store/apps/details?id=io.belt.android	Belt.io	AAA 140	Arena		Productivity	
http://play.google.com/store/apps/details?id=com.coverscreen.cover	Cover	AAA 140	Arena		Personalization	Lockscreen
http://play.google.com/store/apps/details?id=com.textra	Textra SMS	AAA 139			Communication	SMS
http://play.google.com/store/apps/details?id=is.emu.chat	Emu	AAA 139			Communication	SMS
http://play.google.com/store/apps/details?id=com.watabou.pixeldungeon	Pixel Dungeon	AAA 139	Arena	Win	Games	Brain &amp; Puzzle
http://play.google.com/store/apps/details?id=com.actionlauncher.playstore	Action Launcher	AAA 139	Arena		Personalization	Launcher
http://play.google.com/store/apps/details?id=com.anydo.cal&amp;	Cal	AAA 139	Arena		Productivity	Calendar
http://play.google.com/store/apps/details?id=com.rootuninstaller.callpo	Call PopOut	AAA 139	Arena		Lifestyle	
http://play.google.com/store/apps/details?id=com.MatthewHoltzem.AAATheGame&amp;hl=en	All About Android: The Game	AAA 138			Games	Arcade &amp; Action
http://play.google.com/store/apps/details?id=com.vsco.cam	VSCO Cam	AAA 138	Arena		Photography	
http://play.google.com/store/apps/details?id=com.Relmtech.RemotePaid	Unified Remote Full	AAA 138	Arena		Tools	Remote
http://play.google.com/store/apps/details?id=com.fontogram	InstaFontMaker Font Maker	AAA 138	Arena	Win	Social	Font creation
http://play.google.com/store/apps/details?id=com.fifa.fifaapp.android	FIFA	AAA 138	Arena		Sports	
http://play.google.com/store/apps/details?id=com.mufumbo.android.recipe.search	Allthecooks Recipes	AAA 137	Arena		Health &amp; Fitness	Cooking
http://play.google.com/store/apps/details?id=com.grandst	Grand St.	AAA 137	Arena		Shopping	
http://play.google.com/store/apps/details?id=net.daum.android.solmail	SolMail	AAA 137	Arena		Communication	Email
http://play.google.com/store/apps/details?id=com.plexnor.gravityscreenofffree	Gravity Screen	AAA 137	Arena	Win	Tools	Screen
http://play.google.com/store/apps/details?id=cloudtv.dayframe	Dayframe	AAA 136	Arena		Photography	
http://play.google.com/store/apps/details?id=com.frimastudio.RunAndGun	Nun Attack: Run &amp; Gun	AAA 136	Arena	Win	Games	Arcade &amp; Action
http://play.google.com/store/apps/details?id=com.lucasarts.tinydeathstar_goo	Star Wars: Tiny Death Star 	AAA 136	Arena		Games	Arcade &amp; Action
http://play.google.com/store/apps/details?id=com.smugmug.android.cameraawesome	Camera Awesome	AAA 135	Arena		Photography	
http://play.google.com/store/apps/details?id=com.rcreations.ipcamviewer	IP Cam Viewer Lite	AAA 135	Arena	Win	Tools	Remote IP cam viewer
http://play.google.com/store/apps/details?id=com.tendaysoneapp.flib.converter	Flib	AAA 135	Arena		Tools	Conversions
http://play.google.com/store/apps/details?id=nextapp.systempanel.r1	SystemPanel	AAA 135	Arena		Tools	Task Manager
http://play.google.com/store/apps/details?id=com.protogeo.moves	Moves	AAA 134	Arena		Health &amp; Fitness	
http://play.google.com/store/apps/details?id=com.aro.saga	Saga - Automatic Lifelogging	AAA 134	Arena		Lifestyle	Travel
http://play.google.com/store/apps/details?id=com.synetics.stay.alive	Stay Alive!	AAA 134	Arena	Win	Tools	Display control
http://play.google.com/store/apps/details?id=com.pikpok.rua2	Robot Unicorn Attack 2 	AAA 134	Arena		Games	Casual
http://play.google.com/store/apps/details?id=com.ea.game.pvz2_na	Plants vs Zombies 2	AAA 133	Arena		Games	Casual
http://play.google.com/store/apps/details?id=com.xatori.Plugshare	Plugshare	AAA 133	Arena		Transportation	Vehicle charging stations
http://play.google.com/store/apps/details?id=com.molto	Molto	AAA 133	Arena	Win	Communication	Email
http://play.google.com/store/apps/details?id=com.madfingergames.deadtrigger2	Dead Trigger 2	AAA 133	Arena		Games	Arcade &amp; Action
http://play.google.com/store/apps/details?id=com.pushbullet.android	PushBullet	AAA 132	Arena	Win	Productivity	
http://play.google.com/store/apps/details?id=me.paranoid.touchcontrolfree	Touch Control	AAA 132	Arena		Productivity	
http://play.google.com/store/apps/details?id=mohammad.adib.switchr	Switchr	AAA 132	Arena		Tools	Task Switcher
http://play.google.com/store/apps/details?id=cir.ca	Circa News	AAA 132	Arena		News &amp; Magazines	
http://play.google.com/store/apps/details?id=com.dvtonder.chronus	Chronus	AAA 131	Arena	Win	Productivity	Widget
http://play.google.com/store/apps/details?id=com.pennas.pebblecanvas	Canvas	AAA 131	Arena		Communication	Pebble customization
http://play.google.com/store/apps/details?id=com.daysofwonder.tt.android	Ticket to Ride	AAA 131	Arena		Games	Casual
http://play.google.com/store/apps/details?id=com.tul.aviate	Aviate	AAA 131	Arena		Personalization	Launcher
http://play.google.com/store/apps/details?id=com.nuance.balerion	Dragon Mobile Assistant	AAA 130			Productivity	Voice-Activated Assistant
http://play.google.com/store/apps/details?id=com.findit.client.activity	FindIt	AAA 130	Arena		Productivity	Cloud search
http://play.google.com/store/apps/details?id=com.yahoo.mobile.client.android.weather	Yahoo Weather	AAA 130	Arena	Win	Weather	
http://play.google.com/store/apps/details?id=com.quoord.tapatalkpro.activity	Tapatalk	AAA 130	Arena		Social	Forums
http://play.google.com/store/apps/details?id=com.tuokio.smashtheoffice	Smash the Office	AAA 129	Arena		Games	Arcade &amp; Action
http://play.google.com/store/apps/details?id=org.thoughtcrime.securesms	TextSecure 	AAA 129	Arena		Communication	Text Security
http://play.google.com/store/apps/details?id=com.sakisds.frozenled	Frozen LED	AAA 129	Arena	Win	Tools	Notifications
http://play.google.com/store/apps/details?id=com.ad60.songza&amp;hl=en	Songza	AAA 129			Music &amp; Audio	
http://play.google.com/store/apps/details?id=com.nextdoor	Nextdoor	AAA 128			Social	Local
http://play.google.com/store/apps/details?id=at.sfk.android.pocket.planets	Pocket Planets	AAA 128	Arena		Education	Space
http://play.google.com/store/apps/details?id=com.squareup	Square Register	AAA 128	Arena		Business	Payment
http://play.google.com/store/apps/details?id=com.alastairbreeze.dynamickeyboardpro	Dynamic Keyboard	AAA 128	Arena		Tools	Keyboard
http://play.google.com/store/apps/details?id=com.onavo.android.onavoid	Onavo Count	AAA 128	Arena	Win	Tools	Data Usage
http://play.google.com/store/apps/details?id=com.TAC.TWiTStream	TWiT Stream	AAA 127			Media &amp; Video	Video &amp; Audio streaming
http://play.google.com/store/apps/details?id=com.android.aldiko	Aldiko Book Reader	AAA 127	Arena		Books	E-books
http://play.google.com/store/apps/details?id=air.au.com.metro.DumbWaysToDie	Dumb Ways to Die	AAA 127	Arena	Win	Games	Casual
http://play.google.com/store/apps/details?id=com.automattic.simplenote	Simplenote	AAA 127	Arena		Productivity	
http://play.google.com/store/apps/details?id=com.hewittsoft.baby	Baby ESP	AAA 126	Arena		Health &amp; Fitness	Baby tracker
http://play.google.com/store/apps/details?id=com.eat24.app	Eat24	AAA 126	Arena		Travel &amp; Local	Food
http://play.google.com/store/apps/details?id=com.nianticproject.ingress	Ingress	AAA 126	Arena	Win	Games	Arcade &amp; Action
http://play.google.com/store/apps/details?id=com.microsoft.xboxmusic	Xbox Music	AAA 126			Music &amp; Audio	Music Streaming
http://play.google.com/store/apps/details?id=org.markhanson.twit	TWiT Pro	AAA 125	Arena	Win	Media &amp; Video	Video &amp; Audio Streaming
http://play.google.com/store/apps/details?id=com.Mata.YTplayer	Viral <p>formerly known as <i>YouTube Floating HD Player / Showtime</i></p>	AAA 125	Arena		Media &amp; Video	Video Streaming	
http://play.google.com/store/apps/details?id=com.ballerapps.slidingexplorer	Sliding Explorer	AAA 125	Arena		Tools	File manager
http://play.google.com/store/apps/details?id=com.diggreader	Digg	AAA 125			News &amp; Magazines	RSS Reader
http://play.google.com/store/apps/details?id=com.mightytext.tablet	MightyText for Tablets	AAA 125			Productivity	SMS
http://play.google.com/store/apps/details?id=com.texty.sms&amp;hl=en	MightyText	AAA 125			Productivity	SMS
http://play.google.com/store/apps/details?id=com.milone.floatwidget	Floating Widget	AAA 124	Arena		Tools	Widget
http://play.google.com/store/apps/details?id=com.whirlscape.minuumkeyboard	Minuum Keyboard	AAA 124	Arena		Productivity	Keyboard
http://play.google.com/store/apps/details?id=ch.bitspin.timely	Timely	AAA 124	Arena	Win	Lifestyle	Alarm Clock
http://play.google.com/store/apps/details?id=com.vmlite.vncserver	VMLite VNC Server	AAA 124			Tools	Remote Mobile Connection
http://play.google.com/store/apps/details?id=com.teamviewer.quicksupport.market.samsung	TeamViewer QS	AAA 124			Productivity	Remote Mobile Connection
http://play.google.com/store/apps/details?id=com.doublefine.rad	Dropchord	AAA 123	Arena		Games	Arcade &amp; Action
http://play.google.com/store/apps/details?id=com.gflam.portal	Portal	AAA 123	Arena		Productivity	
http://play.google.com/store/apps/details?id=com.ocdevel.habitrpg	HabitRPG	AAA 123	Arena		Productivity	To-Do
http://play.google.com/store/apps/details?id=com.urbandroid.lux	Twilight	AAA 123	Arena	Win	Health &amp; Fitness	Automation
http://play.google.com/store/apps/details?id=com.fitnow.loseit	Lose It!	AAA 122	Arena		Health &amp; Fitness	Weight
http://play.google.com/store/apps/details?id=com.drippler.android.updates	Drippler	AAA 122	Arena		News &amp; Magazines	Android
http://play.google.com/store/apps/details?id=at.maui.cheapcast	Cheapcast	AAA 122	Arena	Win	Media &amp; Video	Chromecast
http://play.google.com/store/apps/details?id=com.google.android.apps.books	Google Play Books	AAA 122			Books &amp; Reference	Reading
http://play.google.com/store/apps/details?id=com.amazon.avod	Amazon Instant Video-Google TV	AAA 121			Entertainment	Video Streaming
http://play.google.com/store/apps/details?id=pl.damianpiwowarski.krome	Krome	AAA 121	Arena		Tools	Syncing
http://play.google.com/store/apps/details?id=com.thetransitapp.droid	Transit App	AAA 121	Arena		Transportation	Public Transportation
http://play.google.com/store/apps/details?id=com.splashtop.remote.pad.v2	Splashtop	AAA 121	Arena	Win	Business	Remote Desktop Connection
http://play.google.com/store/apps/details?id=air.gd.sos.mcpixel	McPixel	AAA 120	Arena		Games	Arcade &amp; Action
http://play.google.com/store/apps/details?id=com.sparkymobile.sparkylockscreenfull	Sparky Lock Screen	AAA 120	Arena		Personalization	Lockscreen
http://play.google.com/store/apps/details?id=com.faceswitch.android	Face Switch	AAA 120	Arena	Win	Photography	
http://play.google.com/store/apps/details?id=com.google.android.play.games	Google Play Games	AAA 120			Entertainment	
http://play.google.com/store/apps/details?id=com.sleepingbeastgames.spaceteam	Spaceteam	AAA 119	Arena	Win	Games	Casual
http://play.google.com/store/apps/details?id=com.locket.android	Locket	AAA 119	Arena		Lifestyle	Lockscreen
http://play.google.com/store/apps/details?id=com.boatmob.floating.touch	Floating Toucher 	AAA 119	Arena		Tools	
http://play.google.com/store/apps/details?id=com.fitradio	FIT Radio	AAA 119	Arena		Music &amp; Audio	Fitness
http://play.google.com/store/apps/details?id=com.whaleshark.retailmenot	RetailMeNot	AAA 118	Arena		Shopping	
http://play.google.com/store/apps/details?id=com.tencent.mm	WeChat	AAA 118	Arena		Communication	Instant Messaging (IM)
http://play.google.com/store/apps/details?id=com.sega.CrazyTaxi	Crazy Taxi	AAA 118	Arena	Win	Games	Arcade &amp; Action
http://play.google.com/store/apps/details?id=com.zombodroid.MemeGenerator	Meme Generator	AAA 117	Arena	Win	Entertainment	
http://play.google.com/store/apps/details?id=robj.floating.notifications	Floating Notifications	AAA 117	Arena		Personalization	Notifications
http://play.google.com/store/apps/details?id=fi.fluid.twheel	Twheel	AAA 117	Arena		Social	Twitter
http://play.google.com/store/apps/details?id=com.taurris.retroid	Retroid	AAA 117	Arena		Games	Arcade &amp; Action
http://play.google.com/store/apps/details?id=com.gbg.jonesonfire	Jones on Fire	AAA 116	Arena		Games	Arcade &amp; Action
http://play.google.com/store/apps/details?id=jp.co.ponos.battlecats	Battle Cats	AAA 116	Arena		Games	Casual
http://play.google.com/store/apps/details?id=com.gameloft.android.ANMP.GloftDMHM	Despicable Me	AAA 116	Arena	Win	Games	Casual
http://play.google.com/store/apps/details?id=com.howset.howtomakepaperairplanes	How To Make Paper Airplanes	AAA 115	Arena	Win	Education	Paper airplanes
http://play.google.com/store/apps/details?id=com.buzzpia.aqua.launcher	Buzz Launcher	AAA 115	Arena		Personalization	Launcher
http://play.google.com/store/apps/details?id=com.getcloudii.android	Cloudii 	AAA 115	Arena		Libraries &amp; Demo	Cloud Management
http://play.google.com/store/apps/details?id=com.blitwise.ptankshd	Pocket Tanks 	AAA 114	Arena	Win	Games	Arcade &amp; Action
http://play.google.com/store/apps/details?id=com.silvercar.mobi	Silvercar	AAA 114	Arena		Travel &amp; Local	Car Rental
http://play.google.com/store/apps/details?id=com.lonelyfew.blendoku	Blendoku	AAA 114	Arena		Games	Brain &amp; Puzzle
http://play.google.com/store/apps/details?id=com.expedia.bookings	Expedia	AAA 114	Arena		Travel &amp; Local	Hotels &amp; Flights
http://play.google.com/store/apps/details?id=com.makario.wordkick	Wordkick	AAA 114	Arena		Games	Brain &amp; Puzzle
http://play.google.com/store/apps/details?id=com.google.android.apps.cloudprint	Cloud Print	AAA 114			Productivity	Printing
http://play.google.com/store/apps/details?id=com.spritefish.fastburstcamera	Fast Burst Camera	AAA 114			Photography	
http://play.google.com/store/apps/details?id=com.phasip.camerafolders	Camera Folders	AAA 114			Photography	
http://play.google.com/store/apps/details?id=com.mvilla.draft	Draft	AAA 113	Arena		Productivity	Text Editor
http://play.google.com/store/apps/details?id=com.basevelocity.radarscope	RadarScope	AAA 113	Arena		Weather	
http://play.google.com/store/apps/details?id=co.valetapp	Valet	AAA 113	Arena		Transportation	Location
http://play.google.com/store/apps/details?id=opotech.image3Dlwp	3D Image Live Wallpaper	AAA 113	Arena	Win	Personalization	Wallpaper
http://play.google.com/store/apps/details?id=com.google.android.inputmethod.latin	Google Keyboard	AAA 113			Tools	Keyboard
http://play.google.com/store/apps/details?id=com.roymam.android.notificationswidget	NiLS	AAA 113			Personalization	Notifications
http://play.google.com/store/apps/details?id=com.duolingo	Duolingo	AAA 112	Arena	Win	Education	Language
http://play.google.com/store/apps/details?id=co.vine.android	Vine	AAA 112	Arena		Social	Video
http://play.google.com/store/apps/details?id=com.gabetaubman.giganticon	Giganticon	AAA 112	Arena		Personalization	Icons
http://play.google.com/store/apps/details?id=com.tocaboca.hairsalon2	Toca Hair Salon 2	AAA 112	Arena		Education	Kids
http://play.google.com/store/apps/details?id=com.arcusweather.darksky	Arcus Weather	AAA 111	Arena	Win	Weather	
http://play.google.com/store/apps/details?id=com.maluuba.android	Maluuba	AAA 111	Arena		Productivity	Voice-Activated Assistant
http://play.google.com/store/apps/details?id=com.snappea	SnapPea	AAA 111	Arena		Tools	Device manager
http://play.google.com/store/apps/details?id=com.yahoo.mobile.client.android.flickr	Flickr	AAA 110	Arena	Win	Photography	
http://play.google.com/store/apps/details?id=org.me.mobiexpensifyg	Expensify	AAA 110	Arena		Finance	
http://play.google.com/store/apps/details?id=com.wevideo.mobile.android	WeVideo	AAA 110	Arena		Media &amp; Video	Video Editor
http://play.google.com/store/apps/details?id=com.google.android.talk&amp;feature=md	Hangouts	AAA 110			Communication	
http://play.google.com/store/apps/details?id=net.superblock.pushover	Pushover	AAA 109	Arena	Win	Productivity	Push notification service
http://play.google.com/store/apps/details?id=org.bbqdroid.bbqscreen	BBQScreen	AAA 109	Arena		Productivity	
http://play.google.com/store/apps/details?id=com.dreamboard.android	Dreamboard Mobile	AAA 109	Arena		Health &amp; Fitness	Dreaming
http://play.google.com/store/apps/details?id=com.stuck_in_customs.stuck_on_earth	Stuck on Earth	AAA 109	Arena		Travel &amp; Local	
http://play.google.com/store/apps/details?id=com.oxapps.schemes	Schemes	AAA 108	Arena		Social	Scheduled messages
http://play.google.com/store/apps/details?id=com.digibites.calendarplus	DigiCal+	AAA 108	Arena		Productivity	Calendar
http://play.google.com/store/apps/details?id=com.ninja.sms	Ninja SMS	AAA 108	Arena	Win	Communication	SMS
http://play.google.com/store/apps/details?id=com.viber.voip	Viber	AAA 108			Communication	Instant Messaging (IM)
http://play.google.com/store/apps/details?id=tw.nicky.HDCallerID	HD Full Screen Caller ID <p>formerly known as <i>HD Caller ID</i></p>	AAA 107			Personalization	Contacts	
http://play.google.com/store/apps/details?id=mohammad.adib.roundr	RoundR	AAA 107	Arena		Personalization	Round screen corners
http://play.google.com/store/apps/details?id=com.intsig.camscanner	Cam Scanner	AAA 107	Arena	Win	Productivity	Scanner
http://play.google.com/store/apps/details?id=com.peaksystems.diptic	Diptic	AAA 107	Arena		Photography	
http://play.google.com/store/apps/details?id=com.FireproofStudios.TheRoom	The Room	AAA 106	Arena		Games	Brain &amp; Puzzle
http://play.google.com/store/apps/details?id=com.klinker.android.messaging_donate	Sliding Messaging	AAA 106	Arena	Win	Social	
http://play.google.com/store/apps/details?id=com.orbar.NotificationWeather	Notification Weather	AAA 106	Arena		Weather	
http://play.google.com/store/apps/details?id=com.mouyyad.Luper	Luper	AAA 105	Arena		Productivity	
http://play.google.com/store/apps/details?id=com.ustwo.rando	Rando	AAA 105	Arena	Win	Photography	
http://play.google.com/store/apps/details?id=xcxin.fehd	File Expert	AAA 105	Arena		Tools	File manager
http://play.google.com/store/apps/details?id=is.tapcat.snabbit	Snabbit	AAA 105			Games	Arcade &amp; Action
http://play.google.com/store/apps/details?id=com.facebook.home	Facebook Home	AAA 105			Social	
http://play.google.com/store/apps/details?id=me.everything.launcher	Everything Launcher	AAA 105			Personalization	Launcher
http://play.google.com/store/apps/details?id=com.pastagames.ro1mobile	Rayman Jungle Run	AAA 104	Arena		Games	Arcade &amp; Action
http://play.google.com/store/apps/details?id=com.siveron.wtfweather	Weather Travel Fashion	AAA 104	Arena		Weather	
http://play.google.com/store/apps/details?id=com.derlang.snake	Snake. Payback.	AAA 104	Arena	Win	Games	Casual
http://play.google.com/store/apps/details?id=mobi.conduction.swipepad.android	SwipePad	AAA 103	Arena		Productivity	Launcher
http://play.google.com/store/apps/details?id=com.adsk.instructables	Instructables	AAA 103	Arena		Lifestyle	
http://play.google.com/store/apps/details?id=com.unnull.apps.rethink	Rethink	AAA 103	Arena		Productivity	To-Do
http://play.google.com/store/apps/details?id=com.cleanmaster.mguard	Clean Master 	AAA 103	Arena	Win	Tools	Memory booster/trash cleaner
http://play.google.com/store/apps/details?id=es.ihatetothink.remoteformac	Mac Remote	AAA 102	Arena		Tools	Remote
http://play.google.com/store/apps/details?id=com.jwsoft.nfcactionlauncher	NFC Task Launcher	AAA 102	Arena		Tools	NFC
http://play.google.com/store/apps/details?id=cz.directservices.SmartVolumeControlPlus	Smart Volume Control +	AAA 102	Arena	Win	Tools	Volume
http://play.google.com/store/apps/details?id=com.leslie.checksplitter	GoingDutch	AAA 102	Arena		Productivity	Debt
http://play.google.com/store/apps/details?id=com.google.android.keep	Keep	AAA 102			Productivity	
http://play.google.com/store/apps/details?id=com.dreambig.stockmmswithgv	Messaging + Google Voice	AAA 101	Arena	Win	Communication	
http://play.google.com/store/apps/details?id=com.zl.inputmethod.latin	Kii Keyboard	AAA 101	Arena		Personalization	Keyboard
http://play.google.com/store/apps/details?id=com.amctv.thewalkingdead.deadyourself	The Walking Dead Dead Yourself	AAA 101	Arena		Entertainment	
http://play.google.com/store/apps/details?id=com.sparklingsociety.cityisland	City Island	AAA 101	Arena		Games	Casual
http://play.google.com/store/apps/details?id=com.instabridge.android	Instabridge	AAA 100	Arena	Win	Communication	WiFi
http://play.google.com/store/apps/details?id=com.dattasmoon.pebble.plugin	Pebble Notifier	AAA 100	Arena		Tools	Pebble notifications
http://play.google.com/store/apps/details?id=com.onelouder.baconreader	BaconReader	AAA 100	Arena		News &amp; Magazines	reddit
http://play.google.com/store/apps/details?id=com.touchtype.swiftkey.tablet.full	SwiftKey Tablet Keyboard	AAA 99			Productivity	Keyboard
http://play.google.com/store/apps/details?id=com.tripit	TripIt	AAA 99			Travel &amp; Local	
http://play.google.com/store/apps/details?id=com.github.mobile	GitHub	AAA 99			Productivity	
http://play.google.com/store/apps/details?id=com.asksven.betterbatterystats	BetterBatteryStats	AAA 99	Arena		Tools	Battery
http://play.google.com/store/apps/details?id=com.ekatasystems.apps.tapestry	tapestry	AAA 99	Arena		Social	
http://play.google.com/store/apps/details?id=at.idev.xkcd	xkcd - simple comic viewer	AAA 99	Arena	Win	Comics	xkcd
http://play.google.com/store/apps/details?id=de.hinterhofapps.sliderwidget	Slider Widget	AAA 98	Arena	Tie	Tools	Widget
http://play.google.com/store/apps/details?id=com.newscover.mainapp	newscover	AAA 98	Arena	Tie	News &amp; Magazines	
http://play.google.com/store/apps/details?id=com.evernote.hello	Evernote Hello	AAA 98	Arena		Lifestyle	Evernote
http://play.google.com/store/apps/details?id=com.andmadesoft.share.pro	Andmade Share	AAA 97	Arena	Win	Tools	Share menu replacement
http://play.google.com/store/apps/details?id=cz.mpelant.deskclock	ClockPlus DayDream	AAA 97	Arena		Tools	Screensaver
http://play.google.com/store/apps/details?id=me.kiip.skeemo	7x7	AAA 97	Arena		Games	Brain &amp; Puzzle
http://play.google.com/store/apps/details?id=com.mxtech.kidslock	Kids Lock (plugin)	AAA 97			Entertainment	Parental Control
http://play.google.com/store/apps/details?id=com.mxtech.videoplayer.ad	MX Player	AAA 97			Media &amp; Video	Video Player
http://play.google.com/store/apps/details?id=com.namcobandaigames.tamagotchilife	Tamagotchi L.i.f.e.	AAA 97			Games	Casual
http://play.google.com/store/apps/details?id=com.arrg.theshapeshooter	Shapes &amp; Sound Shooter	AAA 96	Arena		Games	Arcade &amp; Action
http://play.google.com/store/apps/details?id=net.nurik.roman.dashclock	DashClock	AAA 96	Arena	Win	Personalization	Widget
http://play.google.com/store/apps/details?id=net.epsilonlabs.silence.ads	Silence	AAA 96	Arena		Tools	Volume
http://play.google.com/store/apps/details?id=com.dotsandlines.carbon	Carbon	AAA 95	Arena		Social	Twitter
http://play.google.com/store/apps/details?id=free.reddit.news	Reddit News	AAA 95	Arena	Tie	News &amp; Magazines	reddit
http://play.google.com/store/apps/details?id=com.spritefish.fastburstcamera	Fast Burst Camera	AAA 95	Arena	Tie	Photography	
http://play.google.com/store/apps/details?id=me.trackthisfor.android	Trackthisforme	AAA 94	Arena		Health &amp; Fitness	
http://play.google.com/store/apps/details?id=com.anod.calendar	Simple Calendar Widget	AAA 94	Arena		Productivity	Widget
http://play.google.com/store/apps/details?id=com.lean_and_mean.HomeFlip	HomeFlip	AAA 94	Arena	Win	Personalization	App Switcher
http://play.google.com/store/apps/details?id=com.tout	Tout	AAA 94			Social	
http://play.google.com/store/apps/details?id=com.spotify.mobile.android.ui	Spotify	AAA 93			Music &amp; Audio	Music Streaming
http://play.google.com/store/apps/details?id=com.coupons.GroceryIQ	Grocery iQ	AAA 93			Shopping	Grocery
http://play.google.com/store/apps/details?id=com.alarmclock.xtreme	Alarm Clock Xtreme	AAA 93			Tools	Alarm Clock
http://play.google.com/store/apps/details?id=gogolook.callgogolook2	WhosCall	AAA 93			Communication	
http://play.google.com/store/apps/details?id=com.zegoggles.smssync	SMS Backup +	AAA 93			Tools	Backup
http://play.google.com/store/apps/details?id=com.joelapenna.foursquared	Foursquare	AAA 93			Social	
http://play.google.com/store/apps/details?id=de.devmil.minimaltext	Minimalistic Text	AAA 93			Personalization	Widget
http://play.google.com/store/apps/details?id=net.flixster.android	Movies by Flixster	AAA 93			Entertainment	
http://play.google.com/store/apps/details?id=com.fsck.k9	K-9 Mail	AAA 93			Communication	E-mail
http://play.google.com/store/apps/details?id=com.ideashower.readitlater.pro	Pocket	AAA 93			News &amp; Magazines	
http://play.google.com/store/apps/details?id=de.j4velin.dialerWidget	Simple Dialer Widget	AAA 93	Arena		Communication	Widget
http://play.google.com/store/apps/details?id=com.distractionware.superhexagon	Super Hexagon	AAA 93	Arena		Games	Arcade &amp; Action
http://play.google.com/store/apps/details?id=com.miniclip.plagueinc	Plague Inc.	AAA 93	Arena	Win	Games	Brain &amp; Puzzle
http://play.google.com/store/apps/details?id=com.quantummatrix.QuantumMatrix3DEngine	QM Launcher	AAA 93	Arena		Productivity	Launcher
http://play.google.com/store/apps/details?id=com.savvyapps.agenda	Agenda Calendar	AAA 92	Arena	Win	Productivity	Calendar
http://play.google.com/store/apps/details?id=com.mobisysteme.zime	Zime	AAA 92	Arena		Productivity	
http://play.google.com/store/apps/details?id=mikado.bizcalpro	Business Calendar	AAA 92	Arena		Productivity	Calendar
http://play.google.com/store/apps/details?id=com.chrome.beta	Chrome Beta	AAA 92			Productivity	Web Browser
http://play.google.com/store/apps/details?id=com.icechen1.wordlookup	WordLookup	AAA 92			Tools	Dictionary
http://play.google.com/store/apps/details?id=com.ngc.fora	Fora Dictionary	AAA 92			Books &amp; Reference	Dictionary
http://play.google.com/store/apps/details?id=com.banksimple	Simple <p>formerly known as <i>Simple Bank out</i></p>	AAA 92			Finance		
http://play.google.com/store/apps/details?id=com.andrwq.recorder	Smart Voice Recorder	AAA 91			Music &amp; Audio	Voice Recorder
http://play.google.com/store/apps/details?id=dje073.android.audiorecorderlite	RecForge	AAA 91			Music &amp; Audio	Audio Recorder
http://play.google.com/store/apps/details?id=com.tribeplay.pandagarden	Dr. Panda's Veggie Garden	AAA 91	Arena		Education	Kids
http://play.google.com/store/apps/details?id=com.twentyfivesquares.press	Press	AAA 91	Arena		News &amp; Magazines	RSS Reader
http://play.google.com/store/apps/details?id=com.trello	Trello	AAA 91	Arena	Win	Productivity	
http://play.google.com/store/apps/details?id=com.istastech.android.slicekeyboarddemo	Slice Keyboard	AAA 90	Arena		Productivity	Keyboard
http://play.google.com/store/apps/details?id=com.blueshadowgames.naught	Naught	AAA 90	Arena	Win	Games	Arcade &amp; Action
http://play.google.com/store/apps/details?id=com.uberconference	ÜberConference	AAA 90	Arena		Productivity	Conferencing
http://play.google.com/store/apps/details?id=com.niksoftware.snapseed	Snapseed	AAA 89			Photography	
http://www.swiftkey.net/en/blog/introducing-swiftkey-flow/	SwiftKey Flow	AAA 89			Productivity	Keyboard
http://play.google.com/store/apps/details?id=tv.ustream.ustream	Ustream	AAA 89			Media &amp; Video	Video Streaming
http://play.google.com/store/apps/details?id=org.videolan.vlc.betav7neon	VLC	AAA 89			Media &amp; Video	Media Player
http://play.google.com/store/apps/details?id=com.mabware.android.MoreQuicklyPanel	MoreQuicklyPanel	AAA 89	Arena		Tools	Widget
http://play.google.com/store/apps/details?id=com.untappdllc.app	Untappd	AAA 89	Arena		Social	
http://play.google.com/store/apps/details?id=com.ezone.AwesomeFree	Team Awesome	AAA 89	Arena		Games	Arcade &amp; Action
http://play.google.com/store/apps/details?id=net.adamslo.foodie	Foodie <p>formerly known as <i>Foodster</i></p>	AAA 89	Arena	Win	Health &amp; Fitness	Food ingredient identifier	
http://play.google.com/store/apps/details?id=com.sega.jetsetradio	Jet Set Radio	AAA 88	Arena	Win	Games	Arcade &amp; Action
http://play.google.com/store/apps/details?id=com.groundspeak.geocaching	Geocaching	AAA 88	Arena		Entertainment	
http://play.google.com/store/apps/details?id=com.jv.falcon	Falcon	AAA 88	Arena		Communication	Twitter
http://play.google.com/store/apps/details?id=com.nianticproject.ingress	Ingress	AAA 88			Games	Arcade &amp; Action
http://play.google.com/store/apps/details?id=net.tsapps.appsales	AppSales	AAA 87	Arena		Shopping	Apps
http://play.google.com/store/apps/details?id=com.farproc.wifi.analyzer	WiFi Analyzer	AAA 87	Arena	Win	Tools	WiFi
http://play.google.com/store/apps/details?id=com.pixlr.express	Pixlr Express	AAA 87	Arena		Photography	
http://play.google.com/store/apps/details?id=com.snapchat.android	Snapchat	AAA 86	Arena		Social	
http://play.google.com/store/apps/details?id=com.nkahoang.screenstandby	Screen Standby (root req.)	AAA 86	Arena		Tools	
http://play.google.com/store/apps/details?id=com.hatsproductions.OrganTrail	Organ Trail: Director's Cut	AAA 86	Arena	Win	Games	Arcade &amp; Action
http://play.google.com/store/apps/details?id=com.echofon	Echofon	AAA 86			Social	Twitter
http://play.google.com/store/apps/details?id=com.nianticproject.ingress	Ingress for Android	AAA 86			Games	Arcade &amp; Action
http://play.google.com/store/apps/details?id=com.backflipstudios.android.aodd	Army of Darkness Defense	AAA 85	Arena		Games	Arcade &amp; Action
http://play.google.com/store/apps/details?id=com.disney.wreckitralph	Wreck-it Ralph	AAA 85	Arena		Games	Arcade &amp; Action
http://play.google.com/store/apps/details?id=com.rovio.angrybirdsstarwars.ads.iap	Angry Birds Star Wars	AAA 85	Arena	Win	Games	Arcade &amp; Action
http://play.google.com/store/apps/details?id=com.jwsoft.nfcactionlauncher	NFC Task Launcher	AAA 85			Tools	NFC
http://play.google.com/store/apps/details?id=com.amazon.clouddrive.photos	Amazon Cloud Drive Photos	AAA 84			Photography	
http://play.google.com/store/apps/details?id=com.nightskydev.appwatch	AppWatch	AAA 84			Shopping	Apps
http://play.google.com/store/apps/details?id=org.zooper.zwfree	Zooper Widget	AAA 84	Arena		Personalization	Widget
http://play.google.com/store/apps/details?id=com.levelokment.storageanalyser	Storage Analyser	AAA 84	Arena	Win	Tools	File manager
http://play.google.com/store/apps/details?id=com.skp.adf.photopunch	Photo Punch	AAA 84	Arena		Photography	
http://play.google.com/store/apps/details?id=com.cube.arc.fa	First Aid - American Red Cross	AAA 83	Arena		Health &amp; Fitness
	Minimal Reader Pro (no longer available)	AAA 83	Arena	Win			
http://play.google.com/store/apps/details?id=com.drcinfotech.autosms	Auto SMS Sender	AAA 83	Arena		Communication	SMS
http://cloud.tv/apps/dayframe/	DayFrame (no longer available)	AAA 82	Arena			
http://play.google.com/store/apps/details?id=com.google.android.calendar	Google Calendar	AAA 82			Productivity	Calendar
http://play.google.com/store/apps/details?id=com.ui.LapseItPro	Lapse It	AAA 82	Arena	Win	Photography	
http://play.google.com/store/apps/details?id=com.carboni.notif	Notif	AAA 81	Arena		Productivity	Notifications
http://play.google.com/store/apps/details?id=com.iojess.conjure	Conjure	AAA 81	Arena		Tools	Launcher
http://play.google.com/store/apps/details?id=com.bigduckgames.flow	Flow Free	AAA 81	 Arena	Win	Games	Brain &amp; Puzzle
http://play.google.com/store/apps/details?id=com.mobage.ww.a987.PocketPlanes_Android	Pocket Planes	AAA 80	Arena		Games	Casual
http://play.google.com/store/apps/details?id=com.atooma	Atooma	AAA 80	Arena	Win	Tools	Automation
http://play.google.com/store/apps/details?id=com.baloota.dumpster	Dumpster	AAA 80	Arena		Productivity	Recycle Bin
http://play.google.com/store/apps/details?id=com.wondersoft.android.reddit.wp	BetterThanExpected Wallpapers	AAA 79	Arena	Win	Personalization	Wallpaper
	Gojee (no longer available)	AAA 79	Arena				
http://play.google.com/store/apps/details?id=com.opengarden.android.MeshClient	Open Garden	AAA 79	Arena		Communication	
http://play.google.com/store/apps/details?id=com.gaijingames.bittripbeat	BIT.TRIP BEAT	AAA 78	Arena		Games	Arcade &amp; Action
http://play.google.com/store/apps/details?id=ds.cpuoverlay	Cool Tool	AAA 78	Arena	Win	Tools	System Stats
http://play.google.com/store/apps/details?id=no.dkit.android.ledscroller4	LED Scroller Ultimate	AAA 78	Arena		Entertainment	
http://play.google.com/store/apps/details?id=com.chameleonlauncher	Chameleon Launcher for Tablets	AAA 77			Productivity	Launcher
http://play.google.com/store/apps/details?id=com.vito.lux	Lux	AAA 77	Arena		Tools	Automation
http://play.google.com/store/apps/details?id=me.lyft.android	Lyft	AAA 77			Transportation	
http://play.google.com/store/apps/details?id=com.runtastic.android	runtastic	AAA 77	Arena		Health &amp; Fitness	
http://play.google.com/store/apps/details?id=com.busybytes.tipSkip	tipSkip	AAA 77	Arena		Music &amp; Audio	
http://play.google.com/store/apps/details?id=net.hubalek.android.reborn.beta	Battery Widget Reborn	AAA 77	Arena	Win	Tools	Battery
http://play.google.com/store/apps/details?id=com.alphascope	Scope	AAA 76	Arena	Win	News &amp; Magazines	
http://play.google.com/store/apps/details?id=com.domobile.applock	APP Lock	AAA 76	Arena		Tools	Privacy
http://play.google.com/store/apps/details?id=com.lookout.addetector	Lookout Ad Network Detector	AAA 76	Arena		Tools	Ads
http://play.google.com/store/apps/details?id=nl.fameit.rotate	Ultimate Rotation Control	AAA 76	Arena		Tools	Screen rotation
http://play.google.com/store/apps/details?id=com.thefoodsucks.LifeMeter	LifeMeter	AAA 75	Arena	Win	Entertainment	Battery
http://play.google.com/store/apps/details?id=tablifiedapps.lilypadhd	LilyPad	AAA 75	Arena		Social	Instant Messaging (IM)
http://play.google.com/store/apps/details?id=com.handlerexploit.tweedle	Tweedle for Twitter	AAA 75	Arena		Social	Twitter
http://play.google.com/store/apps/details?id=com.pikpok.mamc	Monsters Ate My Condo	AAA 74	Arena		Games	Brain &amp; Puzzle
http://play.google.com/store/apps/details?id=com.jrummy.liberty.toolboxpro	ROM Toolbox Pro (root req.)	AAA 74	Arena		Tools	System optimize toolbox
http://play.google.com/store/apps/details?id=com.neonplay.trafficpanic4	Traffic Panic London	AAA 74	Arena		Games	Casual
http://play.google.com/store/apps/details?id=com.uniqlo.wakeup	UNIQLO WAKE UP	AAA 74	Arena	Win	Tools	Alarm Clock
http://play.google.com/store/apps/details?id=com.teslacoilsw.flashlight	TeslaLED	AAA 73	Arena		Tools	Flashlight
http://play.google.com/store/apps/details?id=com.halfbrick.jetpackjoyride	Jetpack Joyride	AAA 73	Arena	Win	Games	Arcade &amp; Action
http://play.google.com/store/apps/details?id=org.lucasr.pattrn	Pattrn	AAA 73	Arena		Personalization	Wallpaper
http://play.google.com/store/apps/details?id=com.seatguru	SeatGuru	AAA 72	Arena		Travel &amp; Local	Flying
http://play.google.com/store/apps/details?id=com.clickfree	Clickfree Mobile Backup	AAA 72	Arena		Tools	Backup
http://play.google.com/store/apps/details?id=net.jessechen.instawifi	InstaWifi	AAA 72	Arena	Win	Tools	WiFi
http://play.google.com/store/apps/details?id=com.lemonhq	Lemon Wallet	AAA 71	Arena		Finance	
http://play.google.com/store/apps/details?id=com.dancingpixelstudios.sixaxiscontroller	Sixaxis Controller (root req.)	AAA 71	Arena	Win	Tools	Gaming
http://play.google.com/store/apps/details?id=com.onelouder.tweetvisionpro	Slices	AAA 71	Arena		Social	Twitter
http://play.google.com/store/apps/details?id=air.com.freshplanet.games.WaM	SongPop Free	AAA 71	Arena		Games	Casual
http://play.google.com/store/apps/details?id=com.gameloft.android.ANMP.GloftMMHM	Order &amp; Chaos Online	AAA 70	Arena		Games	Arcade &amp; Action
http://play.google.com/store/apps/details?id=nightradio.pixitracker1bit	PixiTracker 1Bit	AAA 70	Arena	Win	Music &amp; Audio	
http://play.google.com/store/apps/details?id=com.rootuninstaller.onetap	1Tap Quick Bar	AAA 69	Arena		Personalization	Notifications
http://play.google.com/store/apps/details?id=com.rageconsulting.android.lightflowlite	Light Flow	AAA 69	Arena		Tools	LED notificaions
http://play.google.com/store/apps/details?id=com.sunnykwong.omc	One More Clock Widget	AAA 69	Arena		Tools	Widget
http://play.google.com/store/apps/details?id=com.readabl.paperkarma	PaperKarma	AAA 68	Arena	Win	Lifestyle	
http://play.google.com/store/apps/details?id=com.creativeappsgroup.alarmclockultra.free	Alarm Clock	AAA 68	Arena		Tools	Alarm Clock
http://play.google.com/store/apps/details?id=android.lionebra.carrr_matey	Carrr Matey	AAA 68			Travel &amp; Local	Parking
http://play.google.com/store/apps/details?id=com.thefancy.app	Fancy	AAA 68	Arena		Shopping	
http://play.google.com/store/apps/details?id=org.dsandler.apps.markers	Markers	AAA 68	Arena		Media &amp; Video	Drawing
http://play.google.com/store/apps/details?id=com.sixtostart.zombiesrun	Zombies, Run!	AAA 67	Arena	Win	Health &amp; Fitness	Running
http://play.google.com/store/apps/details?id=com.needtobounce	Bounce	AAA 67	Arena		Productivity	
http://play.google.com/store/apps/details?id=com.madfingergames.deadtrigger	DEAD TRIGGER	AAA 67	Arena		Games	Arcade &amp; Action
http://play.google.com/store/apps/details?id=pl.submachine.gyro	GYRO	AAA 67	Arena		Games	Arcade &amp; Action
http://play.google.com/store/apps/details?id=nz.co.activedevelopment.picframe_android	PicFrame	AAA 66	Arena		Photography	
http://play.google.com/store/apps/details?id=com.ekatasystems.apps.tapestry	Tapestry	AAA 66	Arena	Win	Social	
http://play.google.com/store/apps/details?id=com.berad.wargames	WarGames: WOPR	AAA 66	Arena		Games	Brain &amp; Puzzle
http://play.google.com/store/apps/details?id=com.logmein.ignitionpro.android	LogMeIn Ignition	AAA 66	Arena		Productivity	Remote Desktop Connection
http://play.google.com/store/apps/details?id=com.macaw	Real Colors	AAA 65	Arena		Tools	Color palette generator
http://play.google.com/store/apps/details?id=com.triposo.droidguide.world	World Travel Guide by Triposo	AAA 65	Arena		Travel &amp; Local	
http://boidapp.com/	Boid	AAA 65	Arena	Win	Social	Twitter
http://play.google.com/store/apps/details?id=com.atari.Centipede	Centipede®: Origins	AAA 65	Arena		Games	Arcade &amp; Action
http://play.google.com/store/apps/details?id=com.xbox.kinectstarwars	Kinect Star Wars	AAA 64			Social	
http://play.google.com/store/apps/details?id=com.microsoft.Kinectimals	Kinectimals	AAA 64			Games	Casual
http://play.google.com/store/apps/details?id=com.publicobject.rounds	Rounds	AAA 64	Arena	Win	Lifestyle	Score pad
http://play.google.com/store/apps/details?id=com.songkick	Songkick Concerts	AAA 64	Arena		Music &amp; Audio	
http://play.google.com/store/apps/details?id=com.asksven.betterbatterystats	BetterBatteryStats	AAA 64			Tools	Battery
http://play.google.com/store/apps/details?id=com.fiveprimes.relaunch	ReLaunch	AAA 63	Arena		Personalization	Launcher
http://play.google.com/store/apps/details?id=org.rojekti.clipper	Clipper	AAA 63	Arena	Win	Productivity	Clipboard Manager
http://play.google.com/store/apps/details?id=com.ryosoftware.contactphotosupdater	HD Contact Photos	AAA 63	Arena		Tools	Contacts
http://play.google.com/store/apps/details?id=ch.teamtasks.tasks.paid	Tasks	AAA 62	Arena	Win	Productivity	
http://play.google.com/store/apps/details?id=fi.mikrotie.treemaker	Treemaker	AAA 62	Arena		Games	Casual
http://play.google.com/store/apps/details?id=com.Ama.PanicFlightFree	Panic Flight	AAA 62	Arena		Games	Arcade &amp; Action
http://play.google.com/store/apps/details?id=com.smule.songify	Songify	AAA 61			Music &amp; Audio	
http://play.google.com/store/apps/details?id=com.zynga.zombiesmash	ZombieSmash	AAA 61	Arena		Games	Arcade &amp; Action
http://play.google.com/store/apps/details?id=com.intsig.BizCardReader	CamCard	AAA 61	Arena	Win	Business	Scanner
http://play.google.com/store/apps/details?id=com.doubleTwist.alarmClock	doubleTwist Alarm Clock	AAA 61	Arena		Personalization	Alarm Clock
http://play.google.com/store/apps/details?id=com.funkyfresh.samba	Samba Filesharing	AAA 60	Arena		Tools	Filesharing
http://play.google.com/store/apps/details?id=fm.turntable.android&amp;feature=search_result#?t=W251bGwsMSwxLDEsImZtLnR1cm50YWJsZS5hbmRyb2lkIl0.	turntable.fm	AAA 60			Music &amp; Audio	
http://play.google.com/store/apps/details?id=com.ubercab	Uber	AAA 60	Arena		Transportation	
http://play.google.com/store/apps/details?id=com.sand.airdroid	AirDroid	AAA 60	Arena	Win	Tools	Device manager
http://play.google.com/store/apps/details?id=com.whitegorilla.calculations	Calculator &amp; Converter <p>formerly known as <i>Calculations</i></p>	AAA 60	Arena		Finance	Calculator	
http://play.google.com/store/apps/details?id=com.bluetornadosf.smartypants	Skyvi	AAA 59	Arena	Win	Productivity	Voice-Activated Assistant
http://play.google.com/store/apps/details?id=hu.distinction.weatherflow	Weather Flow	AAA 59	Arena		Weather	
http://play.google.com/store/apps/details?id=com.docusign.ink	DocuSign <p>formerly known as <i>DocuSign Ink</i></p>	AAA 59	Arena		Productivity	Sign Documents	
http://play.google.com/store/apps/details?id=com.game.drisk.free	Drisk	AAA 58	Arena	Win	Games	Brain &amp; Puzzle
http://play.google.com/store/apps/details?id=com.google.android.street	Street View on Google Maps	AAA 58	Arena		Travel &amp; Local	
http://play.google.com/store/apps/details?id=com.MarksThinkTank.WaveControl	Wave Control	AAA 58	Arena		Music &amp; Audio	Gesture Control
http://play.google.com/store/apps/details?id=com.motionone.afterfocus	AfterFocus	AAA 57	Arena	Win	Photography	
http://play.google.com/store/apps/details?id=com.mando.babelrising	BABEL Rising	AAA 57	Arena		Games	Arcade &amp; Action
http://play.google.com/store/apps/details?id=com.fetchnotes.notes	Fetchnotes	AAA 57	Arena		Productivity	
http://play.google.com/store/apps/details?id=com.jappka.blingboard	BlingBoard	AAA 56	Arena		Social	Widget
http://play.google.com/store/apps/details?id=fishnoodle.canabalt	Canabalt	AAA 56	Arena	Win	Games	Arcade &amp; Action
http://play.google.com/store/apps/details?id=com.levelup.touiteur	Plume	AAA 55	Arena		Social	Twitter
http://play.google.com/store/apps/details?id=com.imangi.templerun	Temple Run	AAA 55	Arena	Win	Games	Arcade &amp; Action
http://play.google.com/store/apps/details?id=com.rayark.Cytus.full	Cytus	AAA 55	Arena		Games	Arcade &amp; Action
http://play.google.com/store/apps/details?id=com.bamnetworks.mobile.android.ballpark	MLB.com At the Ballpark	AAA 55	Arena		Sports	
http://play.google.com/store/apps/details?id=com.teslacoilsw.launcher	Nova Launcher	AAA 54	Arena	Win	Personalization	Launcher
http://play.google.com/store/apps/details?id=com.anddoes.launcher	Apex Launcher	AAA 54			Personalization	Launcher
http://play.google.com/store/apps/details?id=com.foxfi	FoxFi	AAA 54	Arena		Communication	Tethering
http://play.google.com/store/apps/details?id=com.bamnetworks.mobile.android.gameday.atbat	MLB.com At Bat	AAA 54	Arena		Sports	
http://play.google.com/store/apps/details?id=com.padmapper	PadMapper	AAA 53	Arena		Shopping	Apartment Rental
http://play.google.com/store/apps/details?id=fahrbot.apps.switchme	SwitchMe	AAA 53	Arena	Win	Tools	Multiple accounts
	Epistle (no longer available)	AAA 53	Arena		Productivity	Text Editor	
http://play.google.com/store/apps/details?id=com.miniclip.fraggerfree	Fragger	AAA 53	Arena		Games	Arcade &amp; Action
http://play.google.com/store/apps/details?id=com.clov4r.android.nil	MoboPlayer	AAA 52			Media &amp; Video	Video Player
http://play.google.com/store/apps/details?id=com.slice	Slice	AAA 52	Arena		Shopping	
http://play.google.com/store/apps/details?id=kr.aboy.tools	Smart Tools	AAA 52	Arena		Tools	
http://play.google.com/store/apps/details?id=com.omgpop.dstfree	Draw Something	AAA 52	Arena	Win	Games	Brain &amp; Puzzle
http://play.google.com/store/apps/details?id=com.cw.fullepisodes.android	The CW Network	AAA 52	Arena		Entertainment	Video Streaming
http://play.google.com/store/apps/details?id=com.adylitica.android.DoItTomorrow	Do it (Tomorrow)	AAA 51	Arena		Productivity	To-Do
http://play.google.com/store/apps/details?id=com.myboyfriendisageek.airbrowser	OverSkreen	AAA 51	Arena		Communication	Web Browser
http://play.google.com/store/apps/details?id=com.andrewshu.android.redditdonation	reddit is fun golden platinum	AAA 51	Arena		News &amp; Magazines	reddit
http://play.google.com/store/apps/details?id=com.dooblou.WiFiFileExplorerPRO	WiFi File Explorer	AAA 51	Arena	Win	Tools	Filesharing
